{
  "accuracy": 0.4980134069919586,
  "loss": 0.7063758969306946,
  "val_accuracy": 0.5065178275108337,
  "val_loss": 0.6924900412559509,
  "epoch": 3,
  "global_step": 5600
}