{
  "accuracy": 0.49767857789993286,
  "loss": 0.696961522102356,
  "val_accuracy": 0.49687498807907104,
  "val_loss": 0.6927035450935364,
  "epoch": 2,
  "global_step": 4200
}