{
  "accuracy": 0.49854910373687744,
  "loss": 0.6930416226387024,
  "val_accuracy": 0.5045535564422607,
  "val_loss": 0.6926745176315308,
  "epoch": 95,
  "global_step": 134400
}