{
  "accuracy": 0.4963616132736206,
  "loss": 0.6933663487434387,
  "val_accuracy": 0.5045535564422607,
  "val_loss": 0.6926026940345764,
  "epoch": 12,
  "global_step": 18200
}