{
  "accuracy": 0.49866071343421936,
  "loss": 0.6945282220840454,
  "val_accuracy": 0.49616071581840515,
  "val_loss": 0.6926546096801758,
  "epoch": 4,
  "global_step": 7000
}