{
  "accuracy": 0.4993303716182709,
  "loss": 0.6934695243835449,
  "val_accuracy": 0.49669644236564636,
  "val_loss": 0.6926518082618713,
  "epoch": 4,
  "global_step": 7000
}